<?xml version="1.0" encoding="utf-8" standalone="yes"?>
<rss version="2.0" xmlns:atom="http://www.w3.org/2005/Atom">
  <channel>
    <title>Setup EMR for data preparation on My AWS Workshop</title>
    <link>/en/basics/installation.html</link>
    <description>Recent content in Setup EMR for data preparation on My AWS Workshop</description>
    <generator>Hugo -- gohugo.io</generator>
    <language>en-US</language><atom:link href="/en/basics/installation/index.xml" rel="self" type="application/rss+xml" />
  </channel>
</rss>
