<?xml version="1.0" encoding="utf-8" standalone="yes"?>
<rss version="2.0" xmlns:atom="http://www.w3.org/2005/Atom">
  <channel>
    <title>Analysis via Athena on My AWS Workshop</title>
    <link>/en/analysis.html</link>
    <description>Recent content in Analysis via Athena on My AWS Workshop</description>
    <generator>Hugo -- gohugo.io</generator>
    <language>en-US</language><atom:link href="/en/analysis/index.xml" rel="self" type="application/rss+xml" />
    <item>
      <title>Manage new samples</title>
      <link>/en/analysis/newsamples.html</link>
      <pubDate>Mon, 01 Jan 0001 00:00:00 +0000</pubDate>
      
      <guid>/en/analysis/newsamples.html</guid>
      <description>For clinvar data, the dataset is refreshed whenever the source data is updated. For variants data, sequenced samples are usually not updated, but new samples will be added over time. How to integrate the new samples to our dataset so our analysis can get up-to-date result?
Once new vcf files are uploaded to S3, we can run the hail job to convert them to parquet. then add them to various optimized data copies.</description>
    </item>
    
  </channel>
</rss>
