[
{
	"uri": "/en/",
	"title": "Workshop: How to build a Genomics Datalake",
	"tags": [],
	"description": "",
	"content": "Even as data is exploding from various population genomics projects all over the world, researchers in the field find it hard to perform large scale genomics analyses with data scattered across multiple data silos within their organizations. In order to be able to perform more sophisticated tertiary analysis on genomics and clinical data, researchers need to be able to access, aggregate and query the data from a centralized data store in a secure and compliant manner.\nIn this workshop, we will demonstrate how to transform genomic variant data using Amazon EMR to populate a genomics data lake that can then be queried using Amazon Athena. We use Hail (https://hail.is/) a genomics software tool from the Broad Institute, on Amazon EMR to perform the data transformation. We will also demonstrate optimizations that improve query performance, and will use the 1000 genomes data available on the AWS Registry of Open data as an example dataset.\n"
},
{
	"uri": "/en/basics.html",
	"title": "Architecture",
	"tags": [],
	"description": "",
	"content": "In this workshop, we will work through a solution to help you build a genomics datalake efficiently and cost effectively. This solution allows geneticists and researchers to run analysis easily using common SQL language.\n  "
},
{
	"uri": "/en/basics/requirements.html",
	"title": "Requirements",
	"tags": [],
	"description": "",
	"content": "To simplify the setup, you can follow this AWS Quick Start solution, Hail on AWS to setup Hail on EMR. In this workshop, we provide a brief instruction to set it manually to help you understand the key dependency.\nYou need to have an AWS account, a VPC with a public subnet already setup. As well as permission to access the following services\n EMR Glue Athena S3  "
},
{
	"uri": "/en/etl.html",
	"title": "VCF conversion",
	"tags": [],
	"description": "",
	"content": "Execute hail job Now the EMR cluster is ready, we could send hail job request. This can be done by adding a step to run Spark application. s3://juayu-mb/ami/vcf2parquet.py we will convert a single sample data.  \nThis script will use hail to import vcf data into Spark dataframe, then you can add transformation you need, at the end, write the data into parquet/ORC format.\nhl.init() # sample vcf file, s3://mgb-genomics-poc/1kg_vcfs/NA21144.hard-filtered.vcf.bgz vcf_file = sys.argv[1] output_loc = sys.argv[2] vds=hl.import_vcf(vcf_file,reference_genome=\u0026#39;GRCh38\u0026#39;) sample_id=vds.s.take(1)[0] v_spark = vds.make_table().to_spark() # Remove sample id from column name for name in v_spark.schema.names: if str(sample_id) in name: v_spark = v_spark.withColumnRenamed(name,name.split(\u0026#39;.\u0026#39;,1)[1]) v_spark=v_spark.withColumn(\u0026#34;sample_id\u0026#34;,lit(sample_id)).withColumn(\u0026#39;ref\u0026#39;,v_spark.alleles[0]).withColumn(\u0026#39;alt\u0026#39;,v_spark.alleles[1]) v_spark = v_spark.withColumnRenamed(\u0026#34;locus.contig\u0026#34;,\u0026#34;chrom\u0026#34;).withColumnRenamed(\u0026#34;locus.position\u0026#34;,\u0026#34;pos\u0026#34;) v_spark.createOrReplaceTempView(\u0026#34;variant_v\u0026#34;) df=spark.sql(\u0026#34;SELECT concat(chrom, \u0026#39;:\u0026#39;, ref, \u0026#39;:\u0026#39;, alt, \u0026#39;:\u0026#39;, cast(pos as string)) as variant_id,* FROM variant_v where length(chrom)\u0026lt;6\u0026#34;) df.write.parquet(\u0026#39;{}/{}/\u0026#39;.format(output_loc, sample_id)) For a single VCF file, the job takes 1-2 minutes. Larger VCF could take longer time. please note that by default spark uses 200 partitions, increase partitions can help sparkSQL process data faster. To do that, add --conf spark.sql.shuffle.partitions=1000 to Spark-submit options when add step job.\n  You can exam the S3 output location if parquet files are generated.  \nThe data is ready to be queried by Athena. We just need to create table schema for it. you can use Glue crawler to detect schema for you.\nCREATE EXTERNAL TABLE `var_part_by_sample`( `variant_id` string, `chrom` string, `pos` int, `alleles` array\u0026lt;string\u0026gt;, `rsid` string, `qual` double, `filters` array\u0026lt;string\u0026gt;, `info.ac` array\u0026lt;int\u0026gt;, `info.af` array\u0026lt;double\u0026gt;, `info.an` int, `info.db` boolean, `info.dp` int, `info.end` int, `info.fs` double, `info.fractioninformativereads` double, `info.lod` double, `info.mq` double, `info.mqranksum` double, `info.qd` double, `info.r2_5p_bias` double, `info.readposranksum` double, `info.sor` double, `ad` array\u0026lt;int\u0026gt;, `af` array\u0026lt;double\u0026gt;, `dp` int, `fir2` array\u0026lt;int\u0026gt;, `f2r1` array\u0026lt;int\u0026gt;, `gp` array\u0026lt;double\u0026gt;, `gq` int, `gt.alleles` array\u0026lt;int\u0026gt;, `gt.phased` boolean, `mb` array\u0026lt;int\u0026gt;, `pl` array\u0026lt;int\u0026gt;, `pri` array\u0026lt;double\u0026gt;, `ps` int, `sb` array\u0026lt;int\u0026gt;, `sq` double, `sample_id` string, `ref` string, `alt` string) PARTITIONED BY ( `partition_0` string) ROW FORMAT SERDE \u0026#39;org.apache.hadoop.hive.ql.io.parquet.serde.ParquetHiveSerDe\u0026#39; STORED AS INPUTFORMAT \u0026#39;org.apache.hadoop.hive.ql.io.parquet.MapredParquetInputFormat\u0026#39; OUTPUTFORMAT \u0026#39;org.apache.hadoop.hive.ql.io.parquet.MapredParquetOutputFormat\u0026#39; LOCATION \u0026#39;s3://juayu-sampledata/geno_dataset/var_partby_samples/\u0026#39; ; "
},
{
	"uri": "/en/basics/installation.html",
	"title": "Setup EMR for data preparation",
	"tags": [],
	"description": "",
	"content": "We will use custom built AMI to deploy EMR cluster which has Hail compiled and installed already.\nFrom EMR console, create a cluster with advanced options, select \u0026ldquo;Hadoop\u0026rdquo;, \u0026ldquo;Hive\u0026rdquo;, \u0026ldquo;Spark\u0026rdquo; and other components you plan to use. For cluster configuration, use this prepared JSON config  \nIn network setting, select your existing VPC and a public subnet. We will create a small cluster with one master node, one core node, and three task nodes, all with m5.xlarge instance type and at least 100GB EBS for root device.  \n    Add below Bootstrap step  \nUnder additional options, put the pre-built AMI for corresponding region, e.g. ami-083d074beb4c62cfc for us-west-2 Oregan region.   For other region, find AMI from below list.\nRegion: eu-north-1: ami: 'ami-0097c8916181505c5' ap-south-1: ami: 'ami-0cc18a6e8cf105185' eu-west-3: ami: 'ami-09f35326ba84d2ee0' eu-west-2: ami: 'ami-04bbc6780b6719abe' eu-west-1: ami: 'ami-05adfeb1ffea4f488' ap-northeast-2: ami: 'ami-0fac2662a22702e92' ap-northeast-1: ami: 'ami-0a2a15ed71805f23d' sa-east-1: ami: 'ami-0ea74a00f1109fe14' ca-central-1: ami: 'ami-052c9e8e247ad39b1' ap-southeast-1: ami: 'ami-07124736552a4152b' ap-southeast-2: ami: 'ami-0fa25f9d65099152c' eu-central-1: ami: 'ami-0a9294d79a555d742' us-east-1: ami: 'ami-0f33e21674eed03c6' us-east-2: ami: 'ami-03cc99a0a57b9a8f4' us-west-1: ami: 'ami-0ed287d132c16a457' us-west-2: ami: 'ami-083d074beb4c62cfc' You can use default EMR roles, make sure to grant S3 access in EC2 instance profile role, Add policy to allow s3 access.  \nand if you want to ssh to the EMR cluster, you can set a key pair.\nClick Create cluster, it will take about 10 to 15 minutes to initialize and finish setup.\n"
},
{
	"uri": "/en/analysis.html",
	"title": "Analysis via Athena",
	"tags": [],
	"description": "",
	"content": "We have the 1000 genomes dataset converted to allow you run analysis in near reality env.\nThe dataset is under s3://juayu-sampledata/geno_dataset/  \ns3://juayu-sampledata/geno_dataset/var_partby_samples/ contains the full 3202 samples converted using hail on EMR from previous step.\nUse Glue crawler to detect the schema. you will notice glue crawler will recognize each sample as a partition. This has nice impact if your analysis focus on a specific sample or a small set of samples. for example:\nselect count(1) from var_part_by_chrom as v join clinvar as a on v.variant_id = a.variant_id where (a.clinvar_clnsig=\u0026#39;Pathogenic\u0026#39; or clinvar_clnsig=\u0026#39;Likely_pathogenic\u0026#39;) AND v.sample_id =\u0026#39;HG00157\u0026#39;; We use Clinvar as Annotation dataset. The dataset is publically available in RODA, you can create an external table in Athena and start accessing it immediately.\n-- Clinvar dataset CREATE EXTERNAL TABLE `variant_summary`( `alleleid` bigint, `type` string, `name` string, `geneid` bigint, `genesymbol` string, `hgnc_id` string, `clinicalsignificance` string, `clinsigsimple` bigint, `lastevaluated` string, `rcvaccession` string, `phenotypeids` string, `phenotypelist` string, `origin` string, `originsimple` string, `assembly` string, `chromosomeaccession` string, `chromosome` string, `start` bigint, `stop` bigint, `referenceallele` string, `alternateallele` string, `cytogenetic` string, `reviewstatus` string, `numbersubmitters` bigint, `guidelines` string, `testedingtr` string, `otherids` string, `submittercategories` bigint, `variationid` bigint, `positionvcf` bigint, `referenceallelevcf` string, `alternateallelevcf` string, `rsid_dbsnp` bigint, `nsv_esv_dbvar` string) ROW FORMAT SERDE \u0026#39;org.apache.hadoop.hive.ql.io.parquet.serde.ParquetHiveSerDe\u0026#39; STORED AS INPUTFORMAT \u0026#39;org.apache.hadoop.hive.ql.io.parquet.MapredParquetInputFormat\u0026#39; OUTPUTFORMAT \u0026#39;org.apache.hadoop.hive.ql.io.parquet.MapredParquetOutputFormat\u0026#39; LOCATION\u0026#39;s3://aws-roda-hcls-datalake/clinvar_summary_variants/variant_summary/\u0026#39; ; For certain analysis, you may care mostly just variants, not the details of samples. To further optimize query performance for such analysis, we could nested sample data into variants. This can greatly reduce the record count and speedup analysis. In this data model, the record count is reduced from ~16.9 billion to ~160 million.\ncreate table var_nested with ( external_location = \u0026#39;s3://juayu-sampledata/geno_dataset/var_nested/\u0026#39;, format = \u0026#39;ORC\u0026#39;, partitioned_by = array[\u0026#39;chrom\u0026#39;], bucketed_by = ARRAY[\u0026#39;pos\u0026#39;], bucket_count = 60, ) as select variant_id, pos, ref, alt, array_agg(CAST(ROW(sample_id, \u0026#34;gt.alleles\u0026#34;) AS ROW(id VARCHAR, gts ARRAY(INTEGER)))) as samples, chrom from var_part_by_chrom group by 1,2,3,4,6 For this workshop, we have the dataset converted already, you can just create an external table point to it.\nCREATE EXTERNAL TABLE `var_nested`( `variant_id` string COMMENT \u0026#39;\u0026#39;, `pos` int COMMENT \u0026#39;\u0026#39;, `ref` string COMMENT \u0026#39;\u0026#39;, `alt` string COMMENT \u0026#39;\u0026#39;, `samples` array\u0026lt;struct\u0026lt;id:string,gts:array\u0026lt;int\u0026gt;\u0026gt;\u0026gt; COMMENT \u0026#39;\u0026#39;) PARTITIONED BY ( `chrom` string COMMENT \u0026#39;\u0026#39;) ROW FORMAT SERDE \u0026#39;org.apache.hadoop.hive.ql.io.orc.OrcSerde\u0026#39; STORED AS INPUTFORMAT \u0026#39;org.apache.hadoop.hive.ql.io.orc.OrcInputFormat\u0026#39; OUTPUTFORMAT \u0026#39;org.apache.hadoop.hive.ql.io.orc.OrcOutputFormat\u0026#39; LOCATION \u0026#39;s3://juayu-sampledata/geno_dataset/var_nested/\u0026#39; ; -- Discover partitions MSCK REPAIR TABLE var_nested; For the end user who is a researcher performing analyses at a cohort level, the typical types of queries are to identify samples that meet a specific criteria. For example, samples that have variants in a specific gene or region, samples that have a pathogenic or likely pathogenic variant in a specific gene, samples that have rare (minor allele frequency \u0026lt; 0.01) variants in a specific region. The typical mode of operation would be to interactively query using progressively narrower filters to identify a cohort of an appropriate size, and then fetch all the details about the variants and samples themselves. Here is an example set of queries where a researcher is looking for samples that have VUS (variants of uncertain significance) variants in the BRCA1 gene, which is present on chromosome 17 between the loci, 43,044,295 and 43,125,364. We will first query to see how many samples have variants in the BRCA1 gene:\nselect count(DISTINCT(sample.id)) from ( select samples from var_nested where chrom=\u0026#39;chr17\u0026#39; and pos between 43044295 and 43125364 ) as f, unnest(f.samples) as s(sample); This query returns 3202, which means all samples meet the criteria. We need to define a narrower filter to identify samples of interest. This will involve using the clinical significance annotations from ClinVar variant summary table. First, in order to make the queries simpler, we can define a “view” that creates a “variant_id”, consisting of the chromosome, position, ref and alt fields (can be used to join with the variant table), and includes only the fields of interest to us.\n-- View to cleanup and build variant_id that will be used to join with variant data. create or replace view clinvar as select concat(\u0026#39;chr\u0026#39;, chromosome, \u0026#39;:\u0026#39;, referenceallelevcf, \u0026#39;:\u0026#39;, alternateallelevcf, \u0026#39;:\u0026#39;, cast(positionvcf as varchar)) as variant_id , chromosome as chrom , positionvcf as pos , referenceallelevcf as ref , alternateallelevcf as alt , genesymbol as genename , clinicalsignificance as clinvar_clnsig , split(phenotypeids, \u0026#39;,\u0026#39;) as phenotypeids from variant_summary where assembly = \u0026#39;GRCh38\u0026#39; and referenceallelevcf \u0026lt;\u0026gt; \u0026#39;na\u0026#39; and alternateallelevcf \u0026lt;\u0026gt; \u0026#39;na\u0026#39; ; We can then use this “clinvar” view in subsequent queries, such as to further filter the original query by searching for only those samples that have variants of Uncertain Significance.\nselect count(DISTINCT(sample.id (http://sample.id/))) from ( select samples from var_nested as v join clinvar a on v.variant_id = a.variant_id where *a**.clinvar_clnsig = \u0026#39;Uncertain significance\u0026#39;* and v.chrom=\u0026#39;chr17\u0026#39; and v.pos between 43044295 and 43125364 ) as f, unnest(f.samples) as s(sample); This query returns a result of 1550 samples, which has reduced our sample set by approximately 50%. If we want further confidence that these are indeed Variants of Unknown Significance, we can further filter down to only those samples that have variants with more than one submitter.\nselect count(DISTINCT(sample.id)) from ( select samples from var_nested as v join clinvar a on v.variant_id = a.variant_id where a.clinvar_clnsig = \u0026#39;Uncertain significance\u0026#39; and v.chrom=\u0026#39;chr17\u0026#39; and v.pos between 43044295 and 43125364 *and a.num_submitters \u0026gt; 1* ) as f, unnest(f.samples) as s(sample); This query returns a result set of 41 samples, which can then be investigated further. For more example queries and scenarios, we have created a sample notebook here you can try.\n"
},
{
	"uri": "/en/analysis/newsamples.html",
	"title": "Manage new samples",
	"tags": [],
	"description": "",
	"content": "For clinvar data, the dataset is refreshed whenever the source data is updated. For variants data, sequenced samples are usually not updated, but new samples will be added over time. How to integrate the new samples to our dataset so our analysis can get up-to-date result?\nOnce new vcf files are uploaded to S3, we can run the hail job to convert them to parquet. then add them to various optimized data copies.\ninsert into var_part_by_chrom select * from var_part_by_sample where partition_0 in (\u0026lt;list of new samples\u0026gt;);  Note that for the nested dataset, we need to re-built it to have new samples nested properly with variant sites.\n First drop the table and delete underlying S3 data, then re-run the CTAS query\ncreate table var_nested_chr21 with ( external_location = \u0026#39;s3://mgb-genomics-poc/var_nested/chrom=chr21/\u0026#39;, format = \u0026#39;ORC\u0026#39; ) as select variant_id, pos, ref, alt, array_agg(CAST(ROW(sample_id, \u0026#34;gt.alleles\u0026#34;) AS ROW(id VARCHAR, gts ARRAY(INTEGER)))) as samples from var_part_by_chrom where chrom = \u0026#39;chr21\u0026#39; group by 1,2,3,4 "
},
{
	"uri": "/en/categories.html",
	"title": "Categories",
	"tags": [],
	"description": "",
	"content": ""
},
{
	"uri": "/en/tags.html",
	"title": "Tags",
	"tags": [],
	"description": "",
	"content": ""
}]