[
{
	"uri": "/fr/",
	"title": "Modèle d&#39;atelier AWS",
	"tags": [],
	"description": "",
	"content": "Ce modèle est le modèle par défaut pour la création de contenu d\u0026rsquo;atelier pour AWS Solutions Architecture. Il fonctionne sur Hugo, est piloté par Markdown et fournit une expérience interactive aux participants aux ateliers. Les pages de ce modèle fournissent des exemples permettant d’écrire votre propre contenu à l’aide des composants disponibles.\n"
},
{
	"uri": "/fr/basics.html",
	"title": "Les bases",
	"tags": [],
	"description": "",
	"content": "Découvrez en quoi consiste ce modèle et quels sont ses concepts de base.\n"
},
{
	"uri": "/fr/categories.html",
	"title": "Categories",
	"tags": [],
	"description": "",
	"content": ""
},
{
	"uri": "/fr/tags.html",
	"title": "Tags",
	"tags": [],
	"description": "",
	"content": ""
}]